<xml xmlns="https://developers.google.com/blockly/xml">
  <variables>
    <variable id="2IY2=HPQs2e^|UzRMs#0">res</variable>
  </variables>
  <block type="set_sys_variable" id="lSE^=8PECWSOl(skQ458" x="143" y="135">
    <field name="setSysVariableInput">test</field>
    <value name="setSysVariable">
      <block type="lists_split" id="`#3~*c|0*H8(q1LhnSkC">
        <mutation mode="SPLIT"></mutation>
        <field name="MODE">SPLIT</field>
        <value name="INPUT">
          <block type="text" id="Ll+^]9QLtb;kdVSVw7F=">
            <field name="TEXT">0,0,0,0,0,0,0,0,0,0,0,0,0,0,0,0,0,0,0,0,0,0,0,0,0,0,0,0,0,0,0,0,0</field>
          </block>
        </value>
        <value name="DELIM">
          <shadow type="text" id="4yqzYmb8Dbr?Vq,DsaEa">
            <field name="TEXT">,</field>
          </shadow>
        </value>
      </block>
    </value>
    <next>
      <block type="print_string" id="+L`H9YiA:r8rb@j!VDtA">
        <value name="PrintString">
          <shadow type="text" id="Mc:Y865XmI3((X3b33Gk">
            <field name="TEXT"></field>
          </shadow>
          <block type="open_rs485" id="pk;j4E*fy@zQW]F.5!#/">
            <field name="id">2</field>
            <field name="port">flexiv_wib</field>
            <field name="baudRate">57600</field>
            <field name="parity">0</field>
            <field name="dataBits">8</field>
            <field name="stopBits">1</field>
          </block>
        </value>
        <next>
          <block type="controls_whileUntil" id=")`Peg)CnLMf3w$ghT_O]">
            <field name="MODE">WHILE</field>
            <value name="BOOL">
              <block type="logic_boolean" id="cw4F1L%)JhmDLsmNF;ZG">
                <field name="BOOL">TRUE</field>
              </block>
            </value>
            <statement name="DO">
              <block type="variables_set" id="JEcKFpV)f$]15V)M`K?B">
                <field name="VAR" id="2IY2=HPQs2e^|UzRMs#0">res</field>
                <value name="VALUE">
                  <block type="lists_create_with" id="E[;yjf4T^Ynk1S]E[edQ">
                    <mutation items="0"></mutation>
                  </block>
                </value>
                <next>
                  <block type="variables_set" id="$IlL(T7!r6(DFW4v|,`5">
                    <field name="VAR" id="2IY2=HPQs2e^|UzRMs#0">res</field>
                    <value name="VALUE">
                      <block type="RS485_receive" id="Ds@|Zu#v6/KBbcONB.A]">
                        <field name="id">2</field>
                        <value name="len">
                          <shadow type="math_number" id="I)lH}UIbcW,_ON{H[Osv">
                            <field name="NUM">33</field>
                          </shadow>
                        </value>
                      </block>
                    </value>
                    <next>
                      <block type="controls_if" id="N_+W305)#:$,;4qKh)8d">
                        <value name="IF0">
                          <block type="logic_compare" id="gLmUKFX9v3cTXlO8s1U[">
                            <field name="OP">NEQ</field>
                            <value name="A">
                              <block type="lists_length" id="8M4!js@yL?R3VJluksF2">
                                <value name="VALUE">
                                  <block type="variables_get" id="ODNB_sKA.6lwEDitoVNv">
                                    <field name="VAR" id="2IY2=HPQs2e^|UzRMs#0">res</field>
                                  </block>
                                </value>
                              </block>
                            </value>
                            <value name="B">
                              <block type="math_number" id="i+-+FM4UO[[,-z9CNAwg">
                                <field name="NUM">0</field>
                              </block>
                            </value>
                          </block>
                        </value>
                        <statement name="DO0">
                          <block type="set_sys_variable" id="PSIv@,IGvseV133ll;pC">
                            <field name="setSysVariableInput">test</field>
                            <value name="setSysVariable">
                              <block type="variables_get" id="PL/)kQQ!9bCe}h3qg.pa">
                                <field name="VAR" id="2IY2=HPQs2e^|UzRMs#0">res</field>
                              </block>
                            </value>
                          </block>
                        </statement>
                      </block>
                    </next>
                  </block>
                </next>
              </block>
            </statement>
          </block>
        </next>
      </block>
    </next>
  </block>
</xml>